committee_id,committee_name,contributor_occupation,contribution_receipt_date,contribution_receipt_amount,count
C00696948,BERNIE 2020,FACULTY,2/20/19 0:00,1000,
C00696948,BERNIE 2020,FACULTY,3/31/19 0:00,27,
C00696948,BERNIE 2020,FACULTY,3/31/19 0:00,27,
C00696948,BERNIE 2020,FACULTY,4/24/19 0:00,500,
C00696948,BERNIE 2020,FACULTY,4/24/19 0:00,270,
C00696948,BERNIE 2020,FACULTY,4/30/19 0:00,6,
C00696948,BERNIE 2020,FACULTY,4/30/19 0:00,6,
C00696948,BERNIE 2020,FACULTY,5/31/19 0:00,6,
C00696948,BERNIE 2020,FACULTY,5/31/19 0:00,6,
C00696948,BERNIE 2020,FACULTY,6/30/19 0:00,6,
C00696948,BERNIE 2020,FACULTY,6/30/19 0:00,6,
C00696948,BERNIE 2020,FACULTY,6/29/19 0:00,1000,
C00696948,BERNIE 2020,FACULTY,8/31/19 0:00,6,
C00696948,BERNIE 2020,FACULTY,9/30/19 0:00,6,
C00696948,BERNIE 2020,FACULTY,9/30/19 0:00,6,
C00696948,BERNIE 2020,FACULTY,7/31/19 0:00,6,
C00696948,BERNIE 2020,FACULTY,7/31/19 0:00,6,
C00696948,BERNIE 2020,FACULTY,8/31/19 0:00,6,
C00705186,BENNET FOR AMERICA,FACULTY,5/3/19 0:00,2800,
C00693234,"WARREN FOR PRESIDENT, INC.",FACULTY,4/6/19 0:00,250,
C00695510,CORY 2020,FACULTY,8/29/19 0:00,500,
C00703975,BIDEN FOR PRESIDENT,FACULTY,8/17/19 0:00,1000,
C00703975,BIDEN FOR PRESIDENT,FACULTY,9/17/19 0:00,500,
C00693234,"WARREN FOR PRESIDENT, INC.",ADMIN,7/22/19 0:00,15,
C00693234,"WARREN FOR PRESIDENT, INC.",ADMIN,9/27/19 0:00,25,
C00693234,"WARREN FOR PRESIDENT, INC.",ADMIN,7/22/19 0:00,15,
C00693234,"WARREN FOR PRESIDENT, INC.",ADMIN,7/26/19 0:00,15,
C00693234,"WARREN FOR PRESIDENT, INC.",ADMIN,8/15/19 0:00,35,
C00693234,"WARREN FOR PRESIDENT, INC.",ADMIN,9/19/19 0:00,15,
C00693234,"WARREN FOR PRESIDENT, INC.",ADMIN,8/30/19 0:00,25,
C00696948,BERNIE 2020,ADMIN,9/25/19 0:00,2.7,
C00696948,BERNIE 2020,ADMIN,9/27/19 0:00,27,
C00696948,BERNIE 2020,ADMIN,9/26/19 0:00,27,
C00696948,BERNIE 2020,ADMIN,9/29/19 0:00,15,
C00696948,BERNIE 2020,ADMIN,9/29/19 0:00,27,
C00696948,BERNIE 2020,ADMIN,9/24/19 0:00,5,
C00693234,"WARREN FOR PRESIDENT, INC.",ADMIN,9/24/19 0:00,25,
C00693234,"WARREN FOR PRESIDENT, INC.",ADMIN,7/10/19 0:00,28,
C00693234,"WARREN FOR PRESIDENT, INC.",ADMIN,7/26/19 0:00,25,
C00693234,"WARREN FOR PRESIDENT, INC.",ADMIN,8/26/19 0:00,25,
C00693234,"WARREN FOR PRESIDENT, INC.",ADMIN,9/26/19 0:00,25,
C00694455,KAMALA HARRIS FOR THE PEOPLE,ADMIN,6/30/19 0:00,1000,
C00698258,HICKENLOOPER 2020,ADMIN,3/5/19 0:00,1000,
C00695510,CORY 2020,ADMIN,2/1/19 0:00,2700,
C00695510,CORY 2020,ADMIN,2/11/19 0:00,127.28,
C00695510,CORY 2020,ADMIN,2/11/19 0:00,-27.28,
C00695510,CORY 2020,ADMIN,2/11/19 0:00,27.28,
C00696948,BERNIE 2020,FACULTY,9/18/19 0:00,6,
C00696948,BERNIE 2020,FACULTY,8/18/19 0:00,9,
C00696948,BERNIE 2020,FACULTY,8/16/19 0:00,2.7,
C00696948,BERNIE 2020,FACULTY,8/14/19 0:00,200,
C00696948,BERNIE 2020,FACULTY,8/18/19 0:00,6,
C00696948,BERNIE 2020,FACULTY,8/31/19 0:00,27,
C00696948,BERNIE 2020,FACULTY,8/31/19 0:00,10,
C00696948,BERNIE 2020,FACULTY,9/3/19 0:00,7,
C00693234,"WARREN FOR PRESIDENT, INC.",FACULTY,8/19/19 0:00,10,
C00693234,"WARREN FOR PRESIDENT, INC.",FACULTY,8/19/19 0:00,100,
C00693234,"WARREN FOR PRESIDENT, INC.",FACULTY,9/20/19 0:00,10,
C00693234,"WARREN FOR PRESIDENT, INC.",FACULTY,9/29/19 0:00,15,
C00659938,FRIENDS OF ANDREW YANG,FACULTY,7/30/19 0:00,30,
C00659938,FRIENDS OF ANDREW YANG,FACULTY,8/5/19 0:00,20,
C00659938,FRIENDS OF ANDREW YANG,FACULTY,8/8/19 0:00,10,
C00659938,FRIENDS OF ANDREW YANG,FACULTY,8/16/19 0:00,10,
C00659938,FRIENDS OF ANDREW YANG,FACULTY,8/21/19 0:00,10,
C00659938,FRIENDS OF ANDREW YANG,FACULTY,8/27/19 0:00,10,
C00659938,FRIENDS OF ANDREW YANG,FACULTY,8/30/19 0:00,25,
C00659938,FRIENDS OF ANDREW YANG,FACULTY,9/10/19 0:00,10,
C00659938,FRIENDS OF ANDREW YANG,FACULTY,9/24/19 0:00,25,
C00659938,FRIENDS OF ANDREW YANG,FACULTY,9/29/19 0:00,10,
C00695510,CORY 2020,FACULTY,9/25/19 0:00,2800,
C00696948,BERNIE 2020,FACULTY,3/26/19 0:00,101,
C00694018,GILLIBRAND 2020,LAW/POLITICS,6/3/19 0:00,250,
C00693234,"WARREN FOR PRESIDENT, INC.",GRAD STUDENTS,8/21/19 0:00,25,
C00693234,"WARREN FOR PRESIDENT, INC.",GRAD STUDENTS,7/16/19 0:00,25,
C00693234,"WARREN FOR PRESIDENT, INC.",GRAD STUDENTS,7/21/19 0:00,25,
C00693234,"WARREN FOR PRESIDENT, INC.",GRAD STUDENTS,8/16/19 0:00,25,
C00693234,"WARREN FOR PRESIDENT, INC.",GRAD STUDENTS,9/16/19 0:00,25,
C00693234,"WARREN FOR PRESIDENT, INC.",GRAD STUDENTS,9/21/19 0:00,25,
C00699090,BETO FOR AMERICA,ADMIN,8/21/19 0:00,50,
C00699090,BETO FOR AMERICA,ADMIN,9/7/19 0:00,25,
C00699090,BETO FOR AMERICA,ADMIN,9/13/19 0:00,100,
C00699090,BETO FOR AMERICA,ADMIN,9/25/19 0:00,50,
C00693234,"WARREN FOR PRESIDENT, INC.",FACULTY,7/1/19 0:00,25,
C00693234,"WARREN FOR PRESIDENT, INC.",FACULTY,8/1/19 0:00,25,
C00693234,"WARREN FOR PRESIDENT, INC.",FACULTY,8/19/19 0:00,25,
C00693234,"WARREN FOR PRESIDENT, INC.",FACULTY,9/1/19 0:00,25,
C00693234,"WARREN FOR PRESIDENT, INC.",GRAD STUDENTS,7/29/19 0:00,25,
C00693234,"WARREN FOR PRESIDENT, INC.",GRAD STUDENTS,8/29/19 0:00,25,
C00693234,"WARREN FOR PRESIDENT, INC.",GRAD STUDENTS,9/25/19 0:00,50,
C00693234,"WARREN FOR PRESIDENT, INC.",GRAD STUDENTS,9/29/19 0:00,25,
C00693234,"WARREN FOR PRESIDENT, INC.",GRAD STUDENTS,9/29/19 0:00,10,
C00706416,BULLOCK FOR PRESIDENT,ADMIN,5/14/19 0:00,1000,
C00693234,"WARREN FOR PRESIDENT, INC.",GRAD STUDENTS,5/9/19 0:00,250,
C00693234,"WARREN FOR PRESIDENT, INC.",GRAD STUDENTS,6/25/19 0:00,67.42,
C00693234,"WARREN FOR PRESIDENT, INC.",GRAD STUDENTS,6/30/19 0:00,100,
C00697441,"PETE FOR AMERICA, INC.",FACULTY,4/11/19 0:00,250,
C00695510,CORY 2020,FACULTY,9/25/19 0:00,1000,
C00697441,"PETE FOR AMERICA, INC.",FACULTY,9/23/19 0:00,25,
C00697441,"PETE FOR AMERICA, INC.",FACULTY,7/6/19 0:00,25,
C00697441,"PETE FOR AMERICA, INC.",FACULTY,8/20/19 0:00,25,
C00695510,CORY 2020,FACULTY,5/30/19 0:00,500,
C00697441,"PETE FOR AMERICA, INC.",ACADEMIA,9/28/19 0:00,100,
C00697441,"PETE FOR AMERICA, INC.",ACADEMIA,8/31/19 0:00,25,
C00697441,"PETE FOR AMERICA, INC.",ACADEMIA,9/15/19 0:00,25,
C00697441,"PETE FOR AMERICA, INC.",ACADEMIA,8/12/19 0:00,100,
C00696948,BERNIE 2020,ACADEMIA,8/14/19 0:00,27,
C00696948,BERNIE 2020,ACADEMIA,8/31/19 0:00,20,
C00696948,BERNIE 2020,ACADEMIA,9/13/19 0:00,27,
C00696948,BERNIE 2020,ACADEMIA,9/24/19 0:00,27,
C00696948,BERNIE 2020,ACADEMIA,9/30/19 0:00,27,
C00696948,BERNIE 2020,ACADEMIA,9/26/19 0:00,15,
C00696948,BERNIE 2020,ACADEMIA,9/28/19 0:00,10,
C00693044,JULIAN FOR THE FUTURE,FINANCE/ECONOMICS/CORPORATE,1/22/19 0:00,250,
C00694455,KAMALA HARRIS FOR THE PEOPLE,FACULTY,9/29/19 0:00,100,
C00696948,BERNIE 2020,EDUCATION,3/30/19 0:00,250,
C00694455,KAMALA HARRIS FOR THE PEOPLE,EDUCATION,3/28/19 0:00,500,
C00697441,"PETE FOR AMERICA, INC.",TEACHING POSITIONS,3/31/19 0:00,2700,
C00703975,BIDEN FOR PRESIDENT,TEACHING POSITIONS,5/16/19 0:00,1000,
C00693234,"WARREN FOR PRESIDENT, INC.",TEACHING POSITIONS,5/28/19 0:00,100,
C00693234,"WARREN FOR PRESIDENT, INC.",TEACHING POSITIONS,6/27/19 0:00,100,
C00693234,"WARREN FOR PRESIDENT, INC.",TEACHING POSITIONS,7/20/19 0:00,15,
C00705186,BENNET FOR AMERICA,FINANCE/ECONOMICS/CORPORATE,7/17/19 0:00,100,
C00705186,BENNET FOR AMERICA,FINANCE/ECONOMICS/CORPORATE,8/5/19 0:00,50,
C00705186,BENNET FOR AMERICA,FINANCE/ECONOMICS/CORPORATE,8/12/19 0:00,25,
C00705186,BENNET FOR AMERICA,FINANCE/ECONOMICS/CORPORATE,8/21/19 0:00,25,
C00705186,BENNET FOR AMERICA,FINANCE/ECONOMICS/CORPORATE,9/10/19 0:00,50,
C00705186,BENNET FOR AMERICA,FINANCE/ECONOMICS/CORPORATE,9/12/19 0:00,25,
C00705186,BENNET FOR AMERICA,FINANCE/ECONOMICS/CORPORATE,9/16/19 0:00,25,
C00705186,BENNET FOR AMERICA,FINANCE/ECONOMICS/CORPORATE,9/27/19 0:00,35,
C00705186,BENNET FOR AMERICA,FINANCE/ECONOMICS/CORPORATE,9/30/19 0:00,15,
C00697441,"PETE FOR AMERICA, INC.",FINANCE/ECONOMICS/CORPORATE,9/27/19 0:00,50,
C00697441,"PETE FOR AMERICA, INC.",FACULTY,4/30/19 0:00,100,
C00697441,"PETE FOR AMERICA, INC.",FACULTY,5/19/19 0:00,100,
C00697441,"PETE FOR AMERICA, INC.",FACULTY,6/28/19 0:00,100,
C00697441,"PETE FOR AMERICA, INC.",FACULTY,9/28/19 0:00,33.55,
C00697441,"PETE FOR AMERICA, INC.",FACULTY,7/30/19 0:00,10,
C00697441,"PETE FOR AMERICA, INC.",FACULTY,9/24/19 0:00,50,
C00697441,"PETE FOR AMERICA, INC.",FACULTY,8/9/19 0:00,100,
C00697441,"PETE FOR AMERICA, INC.",FACULTY,8/14/19 0:00,100,
C00697441,"PETE FOR AMERICA, INC.",FACULTY,9/28/19 0:00,45,
C00697441,"PETE FOR AMERICA, INC.",FACULTY,7/17/19 0:00,100,
C00697441,"PETE FOR AMERICA, INC.",FACULTY,7/23/19 0:00,100,
C00697441,"PETE FOR AMERICA, INC.",FACULTY,8/25/19 0:00,25,
C00697441,"PETE FOR AMERICA, INC.",FACULTY,9/2/19 0:00,25,
C00697441,"PETE FOR AMERICA, INC.",FACULTY,9/7/19 0:00,100,
C00697441,"PETE FOR AMERICA, INC.",FACULTY,9/13/19 0:00,33.9,
C00697441,"PETE FOR AMERICA, INC.",FACULTY,9/13/19 0:00,100,
C00696948,BERNIE 2020,OTHER,2/19/19 0:00,250,
C00697441,"PETE FOR AMERICA, INC.",OTHER,9/13/19 0:00,100,
C00697441,"PETE FOR AMERICA, INC.",GRAD STUDENTS,8/4/19 0:00,250,
C00693234,"WARREN FOR PRESIDENT, INC.",GRAD STUDENTS,1/22/19 0:00,50,
C00693234,"WARREN FOR PRESIDENT, INC.",GRAD STUDENTS,1/31/19 0:00,50,
C00693234,"WARREN FOR PRESIDENT, INC.",GRAD STUDENTS,2/25/19 0:00,25,
C00693234,"WARREN FOR PRESIDENT, INC.",GRAD STUDENTS,3/7/19 0:00,25,
C00693234,"WARREN FOR PRESIDENT, INC.",GRAD STUDENTS,3/9/19 0:00,25,
C00693234,"WARREN FOR PRESIDENT, INC.",GRAD STUDENTS,3/14/19 0:00,107.61,
C00693234,"WARREN FOR PRESIDENT, INC.",GRAD STUDENTS,3/28/19 0:00,25,
C00693234,"WARREN FOR PRESIDENT, INC.",GRAD STUDENTS,3/30/19 0:00,50,
C00693234,"WARREN FOR PRESIDENT, INC.",GRAD STUDENTS,4/4/19 0:00,57.11,
C00693234,"WARREN FOR PRESIDENT, INC.",GRAD STUDENTS,4/27/19 0:00,25,
C00693234,"WARREN FOR PRESIDENT, INC.",GRAD STUDENTS,4/29/19 0:00,25,
C00693234,"WARREN FOR PRESIDENT, INC.",GRAD STUDENTS,5/22/19 0:00,72.42,
C00693234,"WARREN FOR PRESIDENT, INC.",GRAD STUDENTS,6/25/19 0:00,25,
C00696948,BERNIE 2020,GRAD STUDENTS,9/19/19 0:00,125,
C00696948,BERNIE 2020,GRAD STUDENTS,9/30/19 0:00,100,
C00696948,BERNIE 2020,GRAD STUDENTS,8/19/19 0:00,10,
C00696948,BERNIE 2020,GRAD STUDENTS,9/23/19 0:00,100,
C00696948,BERNIE 2020,GRAD STUDENTS,9/30/19 0:00,50,
C00696948,BERNIE 2020,GRAD STUDENTS,7/19/19 0:00,10,
C00693234,"WARREN FOR PRESIDENT, INC.",GRAD STUDENTS,7/8/19 0:00,87.13,
C00693234,"WARREN FOR PRESIDENT, INC.",GRAD STUDENTS,8/27/19 0:00,50,
C00693234,"WARREN FOR PRESIDENT, INC.",GRAD STUDENTS,9/25/19 0:00,50,
C00693234,"WARREN FOR PRESIDENT, INC.",GRAD STUDENTS,7/10/19 0:00,103,
C00703975,BIDEN FOR PRESIDENT,OTHER,9/18/19 0:00,2800,
C00696948,BERNIE 2020,MEDICINE/SCIENCE,9/29/19 0:00,50,
C00696948,BERNIE 2020,MEDICINE/SCIENCE,7/28/19 0:00,50,
C00696948,BERNIE 2020,MEDICINE/SCIENCE,9/30/19 0:00,31.66,
C00697441,"PETE FOR AMERICA, INC.",FACULTY,4/1/19 0:00,500,
C00693044,JULIAN FOR THE FUTURE,LAW/POLITICS,8/8/19 0:00,30,
C00693044,JULIAN FOR THE FUTURE,LAW/POLITICS,8/28/19 0:00,30,
C00693234,"WARREN FOR PRESIDENT, INC.",OTHER,9/17/19 0:00,34.85,
C00693234,"WARREN FOR PRESIDENT, INC.",OTHER,9/3/19 0:00,50,
C00693234,"WARREN FOR PRESIDENT, INC.",OTHER,7/20/19 0:00,100,
C00693234,"WARREN FOR PRESIDENT, INC.",OTHER,8/9/19 0:00,50,
C00693234,"WARREN FOR PRESIDENT, INC.",OTHER,7/9/19 0:00,25,
C00693234,"WARREN FOR PRESIDENT, INC.",OTHER,7/15/19 0:00,34.58,
C00693234,"WARREN FOR PRESIDENT, INC.",OTHER,8/7/19 0:00,50,
C00693234,"WARREN FOR PRESIDENT, INC.",OTHER,8/12/19 0:00,50,
C00693234,"WARREN FOR PRESIDENT, INC.",OTHER,9/8/19 0:00,50,
C00693234,"WARREN FOR PRESIDENT, INC.",OTHER,9/29/19 0:00,50,
C00693234,"WARREN FOR PRESIDENT, INC.",OTHER,7/25/19 0:00,100,
C00693234,"WARREN FOR PRESIDENT, INC.",OTHER,7/30/19 0:00,50,
C00693234,"WARREN FOR PRESIDENT, INC.",OTHER,8/18/19 0:00,34.58,
C00693234,"WARREN FOR PRESIDENT, INC.",OTHER,9/4/19 0:00,50,
C00693234,"WARREN FOR PRESIDENT, INC.",OTHER,9/17/19 0:00,100,
C00508416,FRIENDS OF JOHN DELANEY,LAW/POLITICS,7/31/19 0:00,100,
C00508416,FRIENDS OF JOHN DELANEY,LAW/POLITICS,9/11/19 0:00,500,
C00693234,"WARREN FOR PRESIDENT, INC.",FINANCE/ECONOMICS/CORPORATE,8/26/19 0:00,50,
C00693234,"WARREN FOR PRESIDENT, INC.",FINANCE/ECONOMICS/CORPORATE,8/26/19 0:00,50,
C00693234,"WARREN FOR PRESIDENT, INC.",FINANCE/ECONOMICS/CORPORATE,8/26/19 0:00,50,
C00696948,BERNIE 2020,ACADEMIA,5/13/19 0:00,50,
C00696948,BERNIE 2020,ACADEMIA,6/8/19 0:00,54,
C00696948,BERNIE 2020,ACADEMIA,6/22/19 0:00,80.86,
C00696948,BERNIE 2020,ACADEMIA,8/11/19 0:00,50,
C00696948,BERNIE 2020,ACADEMIA,7/22/19 0:00,100,
C00696948,BERNIE 2020,ACADEMIA,7/4/19 0:00,27,
C00696948,BERNIE 2020,ACADEMIA,9/11/19 0:00,50,
C00693234,"WARREN FOR PRESIDENT, INC.",ADMIN,6/17/19 0:00,250,
C00693234,"WARREN FOR PRESIDENT, INC.",ADMIN,6/23/19 0:00,50,
C00699090,BETO FOR AMERICA,MEDICINE/SCIENCE,7/30/19 0:00,25,
C00699090,BETO FOR AMERICA,MEDICINE/SCIENCE,7/21/19 0:00,50,
C00695510,CORY 2020,POSTGRAD,9/21/19 0:00,500,
C00695510,CORY 2020,POSTGRAD,8/1/19 0:00,50,
C00693234,"WARREN FOR PRESIDENT, INC.",POSTGRAD,4/26/19 0:00,33.82,
C00693234,"WARREN FOR PRESIDENT, INC.",POSTGRAD,6/14/19 0:00,25,
C00693234,"WARREN FOR PRESIDENT, INC.",POSTGRAD,6/27/19 0:00,145.61,
C00693234,"WARREN FOR PRESIDENT, INC.",POSTGRAD,9/25/19 0:00,34.85,
C00693234,"WARREN FOR PRESIDENT, INC.",POSTGRAD,7/14/19 0:00,34.58,
C00693234,"WARREN FOR PRESIDENT, INC.",POSTGRAD,9/18/19 0:00,15,
C00693234,"WARREN FOR PRESIDENT, INC.",POSTGRAD,9/27/19 0:00,3,
C00659938,FRIENDS OF ANDREW YANG,POSTGRAD,9/7/19 0:00,250,
C00659938,FRIENDS OF ANDREW YANG,POSTGRAD,9/10/19 0:00,72.1,
C00659938,FRIENDS OF ANDREW YANG,POSTGRAD,9/13/19 0:00,1000,
C00659938,FRIENDS OF ANDREW YANG,POSTGRAD,9/30/19 0:00,82.95,
C00694018,GILLIBRAND 2020,MEDICINE/SCIENCE,2/21/19 0:00,2800,
C00699090,BETO FOR AMERICA,MEDICINE/SCIENCE,3/15/19 0:00,250,
C00705186,BENNET FOR AMERICA,MEDICINE/SCIENCE,6/22/19 0:00,100,
C00705186,BENNET FOR AMERICA,MEDICINE/SCIENCE,5/1/19 0:00,2800,
C00705186,BENNET FOR AMERICA,MEDICINE/SCIENCE,6/1/19 0:00,2800,
C00694455,KAMALA HARRIS FOR THE PEOPLE,MEDICINE/SCIENCE,4/28/19 0:00,25,
C00694455,KAMALA HARRIS FOR THE PEOPLE,MEDICINE/SCIENCE,6/28/19 0:00,100,
C00694455,KAMALA HARRIS FOR THE PEOPLE,MEDICINE/SCIENCE,6/28/19 0:00,250,
C00694455,KAMALA HARRIS FOR THE PEOPLE,MEDICINE/SCIENCE,4/22/19 0:00,25,
C00694455,KAMALA HARRIS FOR THE PEOPLE,MEDICINE/SCIENCE,5/22/19 0:00,25,
C00694455,KAMALA HARRIS FOR THE PEOPLE,MEDICINE/SCIENCE,5/24/19 0:00,200,
C00694455,KAMALA HARRIS FOR THE PEOPLE,MEDICINE/SCIENCE,6/22/19 0:00,25,
C00694455,KAMALA HARRIS FOR THE PEOPLE,MEDICINE/SCIENCE,6/28/19 0:00,10,
C00694455,KAMALA HARRIS FOR THE PEOPLE,MEDICINE/SCIENCE,6/30/19 0:00,200,
C00694455,KAMALA HARRIS FOR THE PEOPLE,MEDICINE/SCIENCE,6/30/19 0:00,43.96,
C00697441,"PETE FOR AMERICA, INC.",MEDICINE/SCIENCE,6/28/19 0:00,100,
C00697441,"PETE FOR AMERICA, INC.",MEDICINE/SCIENCE,4/2/19 0:00,1000,
C00697441,"PETE FOR AMERICA, INC.",MEDICINE/SCIENCE,6/30/19 0:00,250,
C00697441,"PETE FOR AMERICA, INC.",MEDICINE/SCIENCE,4/10/19 0:00,250,
C00697441,"PETE FOR AMERICA, INC.",MEDICINE/SCIENCE,6/29/19 0:00,100,
C00694455,KAMALA HARRIS FOR THE PEOPLE,MEDICINE/SCIENCE,2/7/19 0:00,250,
C00694455,KAMALA HARRIS FOR THE PEOPLE,MEDICINE/SCIENCE,2/25/19 0:00,250,
C00695510,CORY 2020,MEDICINE/SCIENCE,4/24/19 0:00,250,
C00695510,CORY 2020,MEDICINE/SCIENCE,6/27/19 0:00,2800,
C00693234,"WARREN FOR PRESIDENT, INC.",MEDICINE/SCIENCE,4/12/19 0:00,150,
C00693234,"WARREN FOR PRESIDENT, INC.",MEDICINE/SCIENCE,6/13/19 0:00,200,
C00693234,"WARREN FOR PRESIDENT, INC.",MEDICINE/SCIENCE,6/18/19 0:00,250,
C00706416,BULLOCK FOR PRESIDENT,MEDICINE/SCIENCE,5/14/19 0:00,500,
C00706416,BULLOCK FOR PRESIDENT,MEDICINE/SCIENCE,6/21/19 0:00,50,
C00706416,BULLOCK FOR PRESIDENT,MEDICINE/SCIENCE,5/16/19 0:00,25,
C00706416,BULLOCK FOR PRESIDENT,MEDICINE/SCIENCE,5/28/19 0:00,50,
C00706416,BULLOCK FOR PRESIDENT,MEDICINE/SCIENCE,6/26/19 0:00,3,
C00706416,BULLOCK FOR PRESIDENT,MEDICINE/SCIENCE,6/3/19 0:00,50,
C00706416,BULLOCK FOR PRESIDENT,MEDICINE/SCIENCE,5/24/19 0:00,50,
C00693044,JULIAN FOR THE FUTURE,MEDICINE/SCIENCE,4/28/19 0:00,100,
C00693044,JULIAN FOR THE FUTURE,MEDICINE/SCIENCE,6/27/19 0:00,100,
C00705186,BENNET FOR AMERICA,MEDICINE/SCIENCE,7/5/19 0:00,100,
C00705186,BENNET FOR AMERICA,MEDICINE/SCIENCE,7/9/19 0:00,50,
C00705186,BENNET FOR AMERICA,MEDICINE/SCIENCE,7/13/19 0:00,100,
C00705186,BENNET FOR AMERICA,MEDICINE/SCIENCE,7/18/19 0:00,100,
C00705186,BENNET FOR AMERICA,MEDICINE/SCIENCE,7/31/19 0:00,100,
C00705186,BENNET FOR AMERICA,MEDICINE/SCIENCE,8/1/19 0:00,50,
C00705186,BENNET FOR AMERICA,MEDICINE/SCIENCE,9/12/19 0:00,100,
C00705186,BENNET FOR AMERICA,MEDICINE/SCIENCE,9/26/19 0:00,50,
C00705186,BENNET FOR AMERICA,MEDICINE/SCIENCE,8/30/19 0:00,100,
C00705186,BENNET FOR AMERICA,MEDICINE/SCIENCE,9/28/19 0:00,150,
C00696054,MARIANNE WILLIAMSON FOR PRESIDENT,MEDICINE/SCIENCE,8/8/19 0:00,100,
C00696054,MARIANNE WILLIAMSON FOR PRESIDENT,MEDICINE/SCIENCE,8/21/19 0:00,250,
C00693044,JULIAN FOR THE FUTURE,MEDICINE/SCIENCE,7/26/19 0:00,25,
C00696948,BERNIE 2020,MEDICINE/SCIENCE,9/28/19 0:00,27,
C00695510,CORY 2020,MEDICINE/SCIENCE,9/21/19 0:00,100,
C00695510,CORY 2020,MEDICINE/SCIENCE,9/25/19 0:00,50,
C00695510,CORY 2020,MEDICINE/SCIENCE,9/18/19 0:00,50,
C00695510,CORY 2020,MEDICINE/SCIENCE,7/19/19 0:00,20.2,
C00695510,CORY 2020,MEDICINE/SCIENCE,9/18/19 0:00,5,
C00695510,CORY 2020,MEDICINE/SCIENCE,9/8/19 0:00,100,
C00695510,CORY 2020,MEDICINE/SCIENCE,9/30/19 0:00,50,
C00695510,CORY 2020,MEDICINE/SCIENCE,9/30/19 0:00,15,
C00695510,CORY 2020,MEDICINE/SCIENCE,7/7/19 0:00,25,
C00699090,BETO FOR AMERICA,MEDICINE/SCIENCE,4/16/19 0:00,20,
C00699090,BETO FOR AMERICA,MEDICINE/SCIENCE,6/20/19 0:00,100,
C00699090,BETO FOR AMERICA,MEDICINE/SCIENCE,6/10/19 0:00,100,
C00699090,BETO FOR AMERICA,MEDICINE/SCIENCE,4/28/19 0:00,100,
C00693234,"WARREN FOR PRESIDENT, INC.",MEDICINE/SCIENCE,9/28/19 0:00,250,
C00699090,BETO FOR AMERICA,MEDICINE/SCIENCE,4/4/19 0:00,100,
C00699090,BETO FOR AMERICA,MEDICINE/SCIENCE,6/30/19 0:00,100,
C00699090,BETO FOR AMERICA,MEDICINE/SCIENCE,4/25/19 0:00,50,
C00699090,BETO FOR AMERICA,MEDICINE/SCIENCE,5/22/19 0:00,100,
C00699090,BETO FOR AMERICA,MEDICINE/SCIENCE,6/27/19 0:00,100,
C00699090,BETO FOR AMERICA,MEDICINE/SCIENCE,6/25/19 0:00,100,
C00697441,"PETE FOR AMERICA, INC.",MEDICINE/SCIENCE,9/4/19 0:00,5,
C00697441,"PETE FOR AMERICA, INC.",MEDICINE/SCIENCE,9/26/19 0:00,3,
C00699090,BETO FOR AMERICA,MEDICINE/SCIENCE,6/26/19 0:00,100,
C00697441,"PETE FOR AMERICA, INC.",MEDICINE/SCIENCE,8/1/19 0:00,100,
C00693234,"WARREN FOR PRESIDENT, INC.",MEDICINE/SCIENCE,7/16/19 0:00,25,
C00693234,"WARREN FOR PRESIDENT, INC.",MEDICINE/SCIENCE,8/13/19 0:00,100,
C00693234,"WARREN FOR PRESIDENT, INC.",MEDICINE/SCIENCE,9/17/19 0:00,6,
C00697441,"PETE FOR AMERICA, INC.",MEDICINE/SCIENCE,9/21/19 0:00,20.64,
C00697441,"PETE FOR AMERICA, INC.",MEDICINE/SCIENCE,9/28/19 0:00,41.1,
C00697441,"PETE FOR AMERICA, INC.",MEDICINE/SCIENCE,8/25/19 0:00,73,
C00697441,"PETE FOR AMERICA, INC.",MEDICINE/SCIENCE,9/25/19 0:00,250,
C00697441,"PETE FOR AMERICA, INC.",MEDICINE/SCIENCE,8/23/19 0:00,3,
C00697441,"PETE FOR AMERICA, INC.",MEDICINE/SCIENCE,9/29/19 0:00,3,
C00697441,"PETE FOR AMERICA, INC.",MEDICINE/SCIENCE,9/30/19 0:00,3,
C00693234,"WARREN FOR PRESIDENT, INC.",MEDICINE/SCIENCE,8/17/19 0:00,25,
C00693234,"WARREN FOR PRESIDENT, INC.",MEDICINE/SCIENCE,8/26/19 0:00,10,
C00693234,"WARREN FOR PRESIDENT, INC.",MEDICINE/SCIENCE,9/3/19 0:00,25,
C00693234,"WARREN FOR PRESIDENT, INC.",MEDICINE/SCIENCE,7/25/19 0:00,25,
C00693234,"WARREN FOR PRESIDENT, INC.",MEDICINE/SCIENCE,9/8/19 0:00,15,
C00693234,"WARREN FOR PRESIDENT, INC.",MEDICINE/SCIENCE,9/22/19 0:00,144.66,
C00693234,"WARREN FOR PRESIDENT, INC.",MEDICINE/SCIENCE,9/30/19 0:00,10,
C00693234,"WARREN FOR PRESIDENT, INC.",MEDICINE/SCIENCE,7/18/19 0:00,25,
C00693234,"WARREN FOR PRESIDENT, INC.",MEDICINE/SCIENCE,8/31/19 0:00,50,
C00693234,"WARREN FOR PRESIDENT, INC.",MEDICINE/SCIENCE,9/20/19 0:00,100,
C00693234,"WARREN FOR PRESIDENT, INC.",MEDICINE/SCIENCE,9/28/19 0:00,25,
C00693234,"WARREN FOR PRESIDENT, INC.",MEDICINE/SCIENCE,9/30/19 0:00,25,
C00693234,"WARREN FOR PRESIDENT, INC.",MEDICINE/SCIENCE,8/30/19 0:00,100,
C00693234,"WARREN FOR PRESIDENT, INC.",MEDICINE/SCIENCE,8/17/19 0:00,25,
C00693234,"WARREN FOR PRESIDENT, INC.",MEDICINE/SCIENCE,8/27/19 0:00,50,
C00693234,"WARREN FOR PRESIDENT, INC.",MEDICINE/SCIENCE,9/27/19 0:00,10,
C00694455,KAMALA HARRIS FOR THE PEOPLE,MEDICINE/SCIENCE,8/29/19 0:00,100,
C00694455,KAMALA HARRIS FOR THE PEOPLE,MEDICINE/SCIENCE,9/12/19 0:00,100,
C00694455,KAMALA HARRIS FOR THE PEOPLE,MEDICINE/SCIENCE,7/22/19 0:00,25,
C00694455,KAMALA HARRIS FOR THE PEOPLE,MEDICINE/SCIENCE,8/22/19 0:00,25,
C00694455,KAMALA HARRIS FOR THE PEOPLE,MEDICINE/SCIENCE,9/22/19 0:00,25,
C00694455,KAMALA HARRIS FOR THE PEOPLE,MEDICINE/SCIENCE,7/9/19 0:00,50,
C00699090,BETO FOR AMERICA,MEDICINE/SCIENCE,8/20/19 0:00,100,
C00699090,BETO FOR AMERICA,MEDICINE/SCIENCE,7/29/19 0:00,100,
C00699090,BETO FOR AMERICA,MEDICINE/SCIENCE,7/16/19 0:00,100,
C00699090,BETO FOR AMERICA,MEDICINE/SCIENCE,7/17/19 0:00,100,
C00699090,BETO FOR AMERICA,MEDICINE/SCIENCE,8/14/19 0:00,50,
C00699090,BETO FOR AMERICA,MEDICINE/SCIENCE,8/30/19 0:00,100,
C00699090,BETO FOR AMERICA,MEDICINE/SCIENCE,8/15/19 0:00,100,
C00699090,BETO FOR AMERICA,MEDICINE/SCIENCE,7/31/19 0:00,25,
C00699090,BETO FOR AMERICA,MEDICINE/SCIENCE,8/23/19 0:00,50,
C00699090,BETO FOR AMERICA,MEDICINE/SCIENCE,8/31/19 0:00,50,
C00699090,BETO FOR AMERICA,MEDICINE/SCIENCE,7/21/19 0:00,100,
C00699090,BETO FOR AMERICA,MEDICINE/SCIENCE,8/5/19 0:00,25,
C00699090,BETO FOR AMERICA,MEDICINE/SCIENCE,9/13/19 0:00,100,
C00699090,BETO FOR AMERICA,MEDICINE/SCIENCE,9/8/19 0:00,50,
C00699090,BETO FOR AMERICA,MEDICINE/SCIENCE,9/26/19 0:00,100,
C00699090,BETO FOR AMERICA,MEDICINE/SCIENCE,7/15/19 0:00,100,
C00699090,BETO FOR AMERICA,MEDICINE/SCIENCE,9/17/19 0:00,50,
C00703975,BIDEN FOR PRESIDENT,MEDICINE/SCIENCE,5/7/19 0:00,1500,
C00706416,BULLOCK FOR PRESIDENT,MEDICINE/SCIENCE,5/23/19 0:00,150,
C00706416,BULLOCK FOR PRESIDENT,MEDICINE/SCIENCE,5/16/19 0:00,250,
C00580100,"DONALD J. TRUMP FOR PRESIDENT, INC.",MEDICINE/SCIENCE,12/9/17 0:00,375,
C00697441,"PETE FOR AMERICA, INC.",MEDICINE/SCIENCE,6/14/19 0:00,250,
C00697441,"PETE FOR AMERICA, INC.",MEDICINE/SCIENCE,6/30/19 0:00,150,
C00705186,BENNET FOR AMERICA,MEDICINE/SCIENCE,5/3/19 0:00,250,
C00705186,BENNET FOR AMERICA,MEDICINE/SCIENCE,6/30/19 0:00,150,
C00694455,KAMALA HARRIS FOR THE PEOPLE,MEDICINE/SCIENCE,6/30/19 0:00,1500,
C00706697,DE BLASIO 2020,MEDICINE/SCIENCE,5/16/19 0:00,250,
C00696948,BERNIE 2020,POSTGRAD,9/28/19 0:00,27,
C00696948,BERNIE 2020,POSTGRAD,9/13/19 0:00,54,
C00696948,BERNIE 2020,POSTGRAD,7/22/19 0:00,10,
C00696948,BERNIE 2020,POSTGRAD,8/31/19 0:00,27,
C00696948,BERNIE 2020,POSTGRAD,7/12/19 0:00,27,
C00696948,BERNIE 2020,POSTGRAD,7/27/19 0:00,27,
C00696948,BERNIE 2020,POSTGRAD,7/1/19 0:00,10,
C00696948,BERNIE 2020,POSTGRAD,8/17/19 0:00,27,
C00696948,BERNIE 2020,POSTGRAD,8/27/19 0:00,27,
C00696948,BERNIE 2020,POSTGRAD,9/30/19 0:00,5,
C00696948,BERNIE 2020,POSTGRAD,9/24/19 0:00,27,
C00696948,BERNIE 2020,POSTGRAD,9/27/19 0:00,27,
C00693234,"WARREN FOR PRESIDENT, INC.",POSTGRAD,9/30/19 0:00,50,
C00696948,BERNIE 2020,POSTGRAD,6/8/19 0:00,30,
C00696948,BERNIE 2020,POSTGRAD,6/20/19 0:00,27,
C00696948,BERNIE 2020,POSTGRAD,6/29/19 0:00,27,
C00696948,BERNIE 2020,POSTGRAD,3/12/19 0:00,250,
C00694455,KAMALA HARRIS FOR THE PEOPLE,FACULTY,5/10/19 0:00,37.11,
C00694455,KAMALA HARRIS FOR THE PEOPLE,FACULTY,6/19/19 0:00,250,
C00699090,BETO FOR AMERICA,FACULTY,3/17/19 0:00,1000,
C00696419,AMY FOR AMERICA,FACULTY,2/19/19 0:00,1000,4
C00698050,INSLEE FOR AMERICA,FACULTY,4/7/19 0:00,1000,
C00659938,FRIENDS OF ANDREW YANG,FACULTY,6/28/19 0:00,250,
C00694455,KAMALA HARRIS FOR THE PEOPLE,FACULTY,4/12/19 0:00,5,
C00694455,KAMALA HARRIS FOR THE PEOPLE,FACULTY,4/18/19 0:00,5,
C00694455,KAMALA HARRIS FOR THE PEOPLE,FACULTY,5/8/19 0:00,25,
C00694455,KAMALA HARRIS FOR THE PEOPLE,FACULTY,5/18/19 0:00,5,
C00694455,KAMALA HARRIS FOR THE PEOPLE,FACULTY,5/20/19 0:00,5,
C00694455,KAMALA HARRIS FOR THE PEOPLE,FACULTY,5/23/19 0:00,5,
C00694455,KAMALA HARRIS FOR THE PEOPLE,FACULTY,5/23/19 0:00,5,
C00694455,KAMALA HARRIS FOR THE PEOPLE,FACULTY,5/28/19 0:00,10,
C00694455,KAMALA HARRIS FOR THE PEOPLE,FACULTY,6/8/19 0:00,25,
C00694455,KAMALA HARRIS FOR THE PEOPLE,FACULTY,6/28/19 0:00,10,
C00694455,KAMALA HARRIS FOR THE PEOPLE,FACULTY,4/20/19 0:00,100,
C00694455,KAMALA HARRIS FOR THE PEOPLE,FACULTY,6/30/19 0:00,200,
C00697441,"PETE FOR AMERICA, INC.",FACULTY,5/16/19 0:00,1000,
C00697441,"PETE FOR AMERICA, INC.",FACULTY,6/17/19 0:00,150,
C00697441,"PETE FOR AMERICA, INC.",FACULTY,6/13/19 0:00,100,
C00697441,"PETE FOR AMERICA, INC.",FACULTY,6/28/19 0:00,100,
C00697441,"PETE FOR AMERICA, INC.",FACULTY,6/30/19 0:00,100,
C00697441,"PETE FOR AMERICA, INC.",FACULTY,4/14/19 0:00,250,
C00697441,"PETE FOR AMERICA, INC.",FACULTY,6/29/19 0:00,25,
C00580100,"DONALD J. TRUMP FOR PRESIDENT, INC.",FACULTY,8/18/19 0:00,145.12,
C00580100,"DONALD J. TRUMP FOR PRESIDENT, INC.",FACULTY,9/4/19 0:00,31.5,
C00580100,"DONALD J. TRUMP FOR PRESIDENT, INC.",FACULTY,9/30/19 0:00,75,
C00694455,KAMALA HARRIS FOR THE PEOPLE,FACULTY,3/26/19 0:00,250,
C00508416,FRIENDS OF JOHN DELANEY,FACULTY,3/3/19 0:00,500,
C00508416,FRIENDS OF JOHN DELANEY,FACULTY,6/28/19 0:00,250,
C00695510,CORY 2020,FACULTY,5/17/19 0:00,1000,
C00695510,CORY 2020,FACULTY,4/1/19 0:00,100,
C00695510,CORY 2020,FACULTY,6/1/19 0:00,100,
C00695510,CORY 2020,FACULTY,5/1/19 0:00,100,
C00695510,CORY 2020,FACULTY,6/15/19 0:00,1000,
C00695510,CORY 2020,FACULTY,2/1/19 0:00,100,
C00695510,CORY 2020,FACULTY,2/5/19 0:00,34.98,
C00695510,CORY 2020,FACULTY,3/1/19 0:00,100,
C00695510,CORY 2020,FACULTY,3/30/19 0:00,2800,
C00695510,CORY 2020,FACULTY,9/16/18 0:00,1000,
C00693234,"WARREN FOR PRESIDENT, INC.",FACULTY,6/30/19 0:00,206,
C00693234,"WARREN FOR PRESIDENT, INC.",FACULTY,4/12/19 0:00,100,
C00693234,"WARREN FOR PRESIDENT, INC.",FACULTY,5/28/19 0:00,50,
C00693234,"WARREN FOR PRESIDENT, INC.",FACULTY,6/17/19 0:00,100,
C00693234,"WARREN FOR PRESIDENT, INC.",FACULTY,4/6/19 0:00,50,
C00693234,"WARREN FOR PRESIDENT, INC.",FACULTY,5/3/19 0:00,50,
C00693234,"WARREN FOR PRESIDENT, INC.",FACULTY,5/14/19 0:00,50,
C00693234,"WARREN FOR PRESIDENT, INC.",FACULTY,5/19/19 0:00,25,
C00693234,"WARREN FOR PRESIDENT, INC.",FACULTY,5/18/19 0:00,50,
C00693234,"WARREN FOR PRESIDENT, INC.",FACULTY,5/28/19 0:00,50,
C00693234,"WARREN FOR PRESIDENT, INC.",FACULTY,6/14/19 0:00,50,
C00693234,"WARREN FOR PRESIDENT, INC.",FACULTY,6/30/19 0:00,50,
C00693234,"WARREN FOR PRESIDENT, INC.",FACULTY,4/22/19 0:00,100,
C00693234,"WARREN FOR PRESIDENT, INC.",FACULTY,5/18/19 0:00,100,
C00693234,"WARREN FOR PRESIDENT, INC.",FACULTY,6/15/19 0:00,100,
C00696054,MARIANNE WILLIAMSON FOR PRESIDENT,FACULTY,5/19/19 0:00,25,
C00696054,MARIANNE WILLIAMSON FOR PRESIDENT,FACULTY,6/3/19 0:00,25,
C00696054,MARIANNE WILLIAMSON FOR PRESIDENT,FACULTY,6/8/19 0:00,10,
C00696054,MARIANNE WILLIAMSON FOR PRESIDENT,FACULTY,6/21/19 0:00,5,
C00696054,MARIANNE WILLIAMSON FOR PRESIDENT,FACULTY,6/21/19 0:00,500,
C00696948,BERNIE 2020,FACULTY,4/9/19 0:00,73,
C00696948,BERNIE 2020,FACULTY,4/16/19 0:00,3,
C00696948,BERNIE 2020,FACULTY,4/19/19 0:00,27,
C00696948,BERNIE 2020,FACULTY,5/9/19 0:00,73,
C00696948,BERNIE 2020,FACULTY,5/19/19 0:00,27,
C00696948,BERNIE 2020,FACULTY,6/9/19 0:00,50,
C00696948,BERNIE 2020,FACULTY,6/9/19 0:00,73,
C00696948,BERNIE 2020,FACULTY,6/19/19 0:00,27,
C00696948,BERNIE 2020,FACULTY,6/30/19 0:00,73,
C00696948,BERNIE 2020,FACULTY,5/31/19 0:00,100,
C00696948,BERNIE 2020,FACULTY,6/14/19 0:00,10,
C00696948,BERNIE 2020,FACULTY,6/28/19 0:00,100,
C00696948,BERNIE 2020,FACULTY,6/17/19 0:00,50,
C00696948,BERNIE 2020,FACULTY,6/22/19 0:00,27,
C00696948,BERNIE 2020,FACULTY,6/30/19 0:00,100,
C00696948,BERNIE 2020,FACULTY,6/27/19 0:00,188,
C00706416,BULLOCK FOR PRESIDENT,FACULTY,8/30/19 0:00,100,
C00706416,BULLOCK FOR PRESIDENT,FACULTY,9/20/19 0:00,100,
C00706416,BULLOCK FOR PRESIDENT,FACULTY,9/30/19 0:00,100,
C00703975,BIDEN FOR PRESIDENT,FACULTY,4/27/19 0:00,250,
C00703975,BIDEN FOR PRESIDENT,FACULTY,4/30/19 0:00,50,
C00703975,BIDEN FOR PRESIDENT,FACULTY,5/2/19 0:00,50,
C00703975,BIDEN FOR PRESIDENT,FACULTY,5/10/19 0:00,50,
C00696948,BERNIE 2020,FACULTY,7/20/19 0:00,100,
C00696948,BERNIE 2020,FACULTY,9/22/19 0:00,150,
C00696948,BERNIE 2020,FACULTY,9/30/19 0:00,66,
C00696948,BERNIE 2020,FACULTY,7/31/19 0:00,50,
C00696948,BERNIE 2020,FACULTY,9/9/19 0:00,73,
C00696948,BERNIE 2020,FACULTY,8/31/19 0:00,75,
C00696948,BERNIE 2020,FACULTY,8/19/19 0:00,27,
C00696948,BERNIE 2020,FACULTY,7/19/19 0:00,27,
C00696948,BERNIE 2020,FACULTY,8/9/19 0:00,73,
C00696948,BERNIE 2020,FACULTY,8/10/19 0:00,2.7,
C00696948,BERNIE 2020,FACULTY,7/9/19 0:00,73,
C00696948,BERNIE 2020,FACULTY,8/7/19 0:00,2.7,
C00696948,BERNIE 2020,FACULTY,8/18/19 0:00,150,
C00696948,BERNIE 2020,FACULTY,8/31/19 0:00,27,
C00696948,BERNIE 2020,FACULTY,9/15/19 0:00,75,
C00696948,BERNIE 2020,FACULTY,7/14/19 0:00,10,
C00696948,BERNIE 2020,FACULTY,7/30/19 0:00,50,
C00696948,BERNIE 2020,FACULTY,8/14/19 0:00,10,
C00696948,BERNIE 2020,FACULTY,9/14/19 0:00,10,
C00696948,BERNIE 2020,FACULTY,7/31/19 0:00,50,
C00696948,BERNIE 2020,FACULTY,9/29/19 0:00,100,
C00696948,BERNIE 2020,FACULTY,8/29/19 0:00,50,
C00696948,BERNIE 2020,FACULTY,7/17/19 0:00,18.8,
C00695510,CORY 2020,FACULTY,7/1/19 0:00,100,
C00699090,BETO FOR AMERICA,FACULTY,4/18/19 0:00,1000,
C00699090,BETO FOR AMERICA,FACULTY,6/27/19 0:00,50,
C00699090,BETO FOR AMERICA,FACULTY,4/11/19 0:00,500,
C00699090,BETO FOR AMERICA,FACULTY,5/2/19 0:00,500,
C00697441,"PETE FOR AMERICA, INC.",FACULTY,9/29/19 0:00,25,
C00697441,"PETE FOR AMERICA, INC.",FACULTY,9/27/19 0:00,10,
C00693234,"WARREN FOR PRESIDENT, INC.",FACULTY,7/31/19 0:00,100,
C00693234,"WARREN FOR PRESIDENT, INC.",FACULTY,9/20/19 0:00,15,
C00693234,"WARREN FOR PRESIDENT, INC.",FACULTY,9/21/19 0:00,200,
C00697441,"PETE FOR AMERICA, INC.",FACULTY,8/11/19 0:00,32.36,
C00697441,"PETE FOR AMERICA, INC.",FACULTY,8/8/19 0:00,25,
C00699090,BETO FOR AMERICA,FACULTY,6/27/19 0:00,50,
C00697441,"PETE FOR AMERICA, INC.",FACULTY,9/12/19 0:00,20,
C00703975,BIDEN FOR PRESIDENT,FACULTY,9/22/19 0:00,70,
C00699090,BETO FOR AMERICA,FACULTY,4/18/19 0:00,1000,
C00693234,"WARREN FOR PRESIDENT, INC.",FACULTY,8/22/19 0:00,10,
C00693234,"WARREN FOR PRESIDENT, INC.",FACULTY,9/30/19 0:00,500,
C00693234,"WARREN FOR PRESIDENT, INC.",FACULTY,7/31/19 0:00,200,
C00693234,"WARREN FOR PRESIDENT, INC.",FACULTY,7/3/19 0:00,500,
C00703975,BIDEN FOR PRESIDENT,FACULTY,8/15/19 0:00,2000,
C00703975,BIDEN FOR PRESIDENT,FACULTY,9/24/19 0:00,35,
C00693234,"WARREN FOR PRESIDENT, INC.",FACULTY,8/29/19 0:00,50,
C00697441,"PETE FOR AMERICA, INC.",FACULTY,7/17/19 0:00,25,
C00697441,"PETE FOR AMERICA, INC.",FACULTY,8/23/19 0:00,25,
C00697441,"PETE FOR AMERICA, INC.",FACULTY,7/8/19 0:00,56.05,
C00697441,"PETE FOR AMERICA, INC.",FACULTY,7/28/19 0:00,25,
C00697441,"PETE FOR AMERICA, INC.",FACULTY,7/31/19 0:00,50,
C00697441,"PETE FOR AMERICA, INC.",FACULTY,8/9/19 0:00,50,
C00697441,"PETE FOR AMERICA, INC.",FACULTY,8/9/19 0:00,10,
C00697441,"PETE FOR AMERICA, INC.",FACULTY,9/7/19 0:00,25,
C00697441,"PETE FOR AMERICA, INC.",FACULTY,9/29/19 0:00,20,
C00697441,"PETE FOR AMERICA, INC.",FACULTY,9/29/19 0:00,50,
C00697441,"PETE FOR AMERICA, INC.",FACULTY,9/20/19 0:00,10,
C00697441,"PETE FOR AMERICA, INC.",FACULTY,9/6/19 0:00,50,
C00697441,"PETE FOR AMERICA, INC.",FACULTY,7/31/19 0:00,100,
C00697441,"PETE FOR AMERICA, INC.",FACULTY,9/30/19 0:00,25,
C00693234,"WARREN FOR PRESIDENT, INC.",FACULTY,9/30/19 0:00,50,
C00693234,"WARREN FOR PRESIDENT, INC.",FACULTY,9/29/19 0:00,2500,
C00693234,"WARREN FOR PRESIDENT, INC.",FACULTY,7/15/19 0:00,23.84,
C00693234,"WARREN FOR PRESIDENT, INC.",FACULTY,7/21/19 0:00,25,
C00693234,"WARREN FOR PRESIDENT, INC.",FACULTY,9/3/19 0:00,10,
C00693234,"WARREN FOR PRESIDENT, INC.",FACULTY,9/22/19 0:00,10,
C00693234,"WARREN FOR PRESIDENT, INC.",FACULTY,7/24/19 0:00,50,
C00693234,"WARREN FOR PRESIDENT, INC.",FACULTY,7/12/19 0:00,100,
C00693234,"WARREN FOR PRESIDENT, INC.",FACULTY,7/22/19 0:00,10,
C00693234,"WARREN FOR PRESIDENT, INC.",FACULTY,8/29/19 0:00,10,
C00693234,"WARREN FOR PRESIDENT, INC.",FACULTY,9/20/19 0:00,111.66,
C00693234,"WARREN FOR PRESIDENT, INC.",FACULTY,9/22/19 0:00,500,
C00693234,"WARREN FOR PRESIDENT, INC.",FACULTY,7/16/19 0:00,50,
C00693234,"WARREN FOR PRESIDENT, INC.",FACULTY,9/20/19 0:00,250,
C00693234,"WARREN FOR PRESIDENT, INC.",FACULTY,7/17/19 0:00,100,
C00659938,FRIENDS OF ANDREW YANG,FACULTY,7/31/19 0:00,100,
C00659938,FRIENDS OF ANDREW YANG,FACULTY,8/9/19 0:00,35,
C00659938,FRIENDS OF ANDREW YANG,FACULTY,9/3/19 0:00,25,
C00659938,FRIENDS OF ANDREW YANG,FACULTY,9/13/19 0:00,35,
C00659938,FRIENDS OF ANDREW YANG,FACULTY,9/18/19 0:00,75,
C00659938,FRIENDS OF ANDREW YANG,FACULTY,9/23/19 0:00,35,
C00659938,FRIENDS OF ANDREW YANG,FACULTY,9/29/19 0:00,41.32,
C00659938,FRIENDS OF ANDREW YANG,FACULTY,9/28/19 0:00,25,
C00659938,FRIENDS OF ANDREW YANG,FACULTY,9/30/19 0:00,50,
C00659938,FRIENDS OF ANDREW YANG,FACULTY,9/30/19 0:00,25,
C00699090,BETO FOR AMERICA,FACULTY,7/31/19 0:00,50,
C00699090,BETO FOR AMERICA,FACULTY,9/29/19 0:00,100,
C00699090,BETO FOR AMERICA,FACULTY,8/31/19 0:00,50,
C00699090,BETO FOR AMERICA,FACULTY,9/30/19 0:00,100,
C00699090,BETO FOR AMERICA,FACULTY,9/14/19 0:00,50,
C00698258,HICKENLOOPER 2020,FACULTY,3/4/19 0:00,250,
C00693234,"WARREN FOR PRESIDENT, INC.",FACULTY,6/30/19 0:00,515,
C00694455,KAMALA HARRIS FOR THE PEOPLE,FACULTY,3/18/19 0:00,500,
C00659938,FRIENDS OF ANDREW YANG,OTHER,7/26/19 0:00,19.8,
C00659938,FRIENDS OF ANDREW YANG,OTHER,7/31/19 0:00,50,
C00659938,FRIENDS OF ANDREW YANG,OTHER,8/8/19 0:00,10,
C00659938,FRIENDS OF ANDREW YANG,OTHER,8/20/19 0:00,5,
C00659938,FRIENDS OF ANDREW YANG,OTHER,8/25/19 0:00,50,
C00659938,FRIENDS OF ANDREW YANG,OTHER,9/2/19 0:00,13.27,
C00659938,FRIENDS OF ANDREW YANG,OTHER,9/3/19 0:00,5,
C00659938,FRIENDS OF ANDREW YANG,OTHER,9/12/19 0:00,25,
C00659938,FRIENDS OF ANDREW YANG,OTHER,9/25/19 0:00,50,
C00659938,FRIENDS OF ANDREW YANG,OTHER,9/30/19 0:00,25,
C00659938,FRIENDS OF ANDREW YANG,OTHER,9/30/19 0:00,15,
C00659938,FRIENDS OF ANDREW YANG,OTHER,9/30/19 0:00,5,
C00696948,BERNIE 2020,POSTGRAD,8/4/19 0:00,15,
C00696948,BERNIE 2020,POSTGRAD,9/4/19 0:00,15,
C00697441,"PETE FOR AMERICA, INC.",OTHER,4/14/19 0:00,250,
C00580100,"DONALD J. TRUMP FOR PRESIDENT, INC.",FACULTY,3/5/19 0:00,2800,
C00580100,"DONALD J. TRUMP FOR PRESIDENT, INC.",FACULTY,3/5/19 0:00,2800,
C00696948,BERNIE 2020,OTHER,6/23/19 0:00,50,
C00696948,BERNIE 2020,OTHER,2/19/19 0:00,100,
C00696948,BERNIE 2020,OTHER,2/19/19 0:00,27,
C00696948,BERNIE 2020,OTHER,2/19/19 0:00,27,
C00696948,BERNIE 2020,OTHER,2/19/19 0:00,50,
C00696948,BERNIE 2020,OTHER,2/19/19 0:00,27,
C00696948,BERNIE 2020,OTHER,2/21/19 0:00,100,
C00696948,BERNIE 2020,OTHER,2/22/19 0:00,27,
C00696948,BERNIE 2020,OTHER,2/25/19 0:00,27,
C00696948,BERNIE 2020,OTHER,2/25/19 0:00,100,
C00696948,BERNIE 2020,OTHER,3/5/19 0:00,27,
C00696948,BERNIE 2020,OTHER,3/7/19 0:00,50,
C00696948,BERNIE 2020,OTHER,3/10/19 0:00,27,
C00696948,BERNIE 2020,OTHER,3/14/19 0:00,27,
C00696948,BERNIE 2020,OTHER,3/17/19 0:00,100,
C00696948,BERNIE 2020,OTHER,3/17/19 0:00,50,
C00696948,BERNIE 2020,OTHER,3/18/19 0:00,50,
C00696948,BERNIE 2020,OTHER,3/18/19 0:00,50,
C00696948,BERNIE 2020,OTHER,3/21/19 0:00,27,
C00696948,BERNIE 2020,OTHER,3/25/19 0:00,50,
C00696948,BERNIE 2020,OTHER,3/26/19 0:00,50,
C00696948,BERNIE 2020,OTHER,3/27/19 0:00,27,
C00696948,BERNIE 2020,OTHER,3/28/19 0:00,50,
C00696948,BERNIE 2020,OTHER,3/31/19 0:00,27,
C00696948,BERNIE 2020,OTHER,3/31/19 0:00,27,
C00696948,BERNIE 2020,OTHER,3/31/19 0:00,27,
C00696948,BERNIE 2020,OTHER,3/29/19 0:00,50,
C00696948,BERNIE 2020,OTHER,3/30/19 0:00,27,
C00696948,BERNIE 2020,OTHER,3/30/19 0:00,27,
C00696948,BERNIE 2020,OTHER,3/29/19 0:00,27,
C00696948,BERNIE 2020,OTHER,3/30/19 0:00,27,
C00696948,BERNIE 2020,OTHER,3/30/19 0:00,27,
C00696948,BERNIE 2020,OTHER,3/30/19 0:00,27,
C00696948,BERNIE 2020,OTHER,4/7/19 0:00,27,
C00696948,BERNIE 2020,OTHER,4/9/19 0:00,50,
C00696948,BERNIE 2020,OTHER,4/10/19 0:00,50,
C00696948,BERNIE 2020,OTHER,4/11/19 0:00,27,
C00696948,BERNIE 2020,OTHER,4/14/19 0:00,50,
C00696948,BERNIE 2020,OTHER,4/16/19 0:00,100,
C00696948,BERNIE 2020,OTHER,4/17/19 0:00,27,
C00696948,BERNIE 2020,OTHER,4/17/19 0:00,27,
C00696948,BERNIE 2020,OTHER,4/19/19 0:00,27,
C00696948,BERNIE 2020,OTHER,4/23/19 0:00,50,
C00696948,BERNIE 2020,OTHER,4/24/19 0:00,50,
C00696948,BERNIE 2020,OTHER,4/25/19 0:00,50,
C00696948,BERNIE 2020,OTHER,4/26/19 0:00,50,
C00696948,BERNIE 2020,OTHER,4/28/19 0:00,50,
C00696948,BERNIE 2020,OTHER,4/30/19 0:00,27,
C00696948,BERNIE 2020,OTHER,4/30/19 0:00,27,
C00696948,BERNIE 2020,OTHER,5/6/19 0:00,27,
C00696948,BERNIE 2020,OTHER,5/13/19 0:00,100,
C00696948,BERNIE 2020,OTHER,5/20/19 0:00,50,
C00696948,BERNIE 2020,OTHER,5/23/19 0:00,50,
C00696948,BERNIE 2020,OTHER,5/29/19 0:00,50,
C00696948,BERNIE 2020,OTHER,5/31/19 0:00,50,
C00696948,BERNIE 2020,OTHER,6/4/19 0:00,27,
C00696948,BERNIE 2020,OTHER,6/5/19 0:00,27,
C00696948,BERNIE 2020,OTHER,6/6/19 0:00,27,
C00696948,BERNIE 2020,OTHER,6/7/19 0:00,50,
C00696948,BERNIE 2020,OTHER,6/13/19 0:00,27,
C00696948,BERNIE 2020,OTHER,6/20/19 0:00,100,
C00696948,BERNIE 2020,OTHER,6/23/19 0:00,27,
C00696948,BERNIE 2020,OTHER,6/23/19 0:00,27,
C00696948,BERNIE 2020,OTHER,6/25/19 0:00,27,
C00696948,BERNIE 2020,OTHER,6/27/19 0:00,27,
C00696948,BERNIE 2020,OTHER,6/28/19 0:00,50,
C00696948,BERNIE 2020,OTHER,6/28/19 0:00,27,
C00696948,BERNIE 2020,OTHER,6/29/19 0:00,27,
C00696948,BERNIE 2020,OTHER,7/6/19 0:00,27,
C00696948,BERNIE 2020,OTHER,7/8/19 0:00,100,
C00696948,BERNIE 2020,OTHER,7/15/19 0:00,30.02,
C00696948,BERNIE 2020,OTHER,7/16/19 0:00,27,
C00696948,BERNIE 2020,OTHER,8/6/19 0:00,27,
C00696948,BERNIE 2020,OTHER,7/12/19 0:00,27,
C00696948,BERNIE 2020,OTHER,7/15/19 0:00,50,
C00693234,"WARREN FOR PRESIDENT, INC.",ACADEMIA,7/31/19 0:00,250,
C00693234,"WARREN FOR PRESIDENT, INC.",ACADEMIA,7/15/19 0:00,250,
C00693234,"WARREN FOR PRESIDENT, INC.",ACADEMIA,7/19/19 0:00,100,
C00696948,BERNIE 2020,ACADEMIA,4/19/19 0:00,25,
C00696948,BERNIE 2020,ACADEMIA,5/21/19 0:00,25,
C00696948,BERNIE 2020,ACADEMIA,6/1/19 0:00,27,
C00696948,BERNIE 2020,ACADEMIA,6/19/19 0:00,25,
C00696948,BERNIE 2020,ACADEMIA,6/23/19 0:00,27,
C00696948,BERNIE 2020,ACADEMIA,6/28/19 0:00,27,
C00696948,BERNIE 2020,ACADEMIA,8/31/19 0:00,27,
C00696948,BERNIE 2020,ACADEMIA,9/3/19 0:00,27,
C00696948,BERNIE 2020,ACADEMIA,7/23/19 0:00,27,
C00696948,BERNIE 2020,ACADEMIA,7/27/19 0:00,27,
C00696948,BERNIE 2020,ACADEMIA,8/9/19 0:00,27,
C00696948,BERNIE 2020,ACADEMIA,8/17/19 0:00,50,
C00696948,BERNIE 2020,ACADEMIA,8/19/19 0:00,25,
C00696948,BERNIE 2020,ACADEMIA,9/27/19 0:00,27,
C00696948,BERNIE 2020,ACADEMIA,9/30/19 0:00,27,
C00696948,BERNIE 2020,ACADEMIA,7/19/19 0:00,25,
C00696948,BERNIE 2020,ACADEMIA,7/31/19 0:00,27,
C00696948,BERNIE 2020,ACADEMIA,8/18/19 0:00,27,
C00696948,BERNIE 2020,ACADEMIA,8/9/19 0:00,27,
C00696948,BERNIE 2020,ACADEMIA,9/12/19 0:00,27,
C00696948,BERNIE 2020,ACADEMIA,9/19/19 0:00,25,
C00693234,"WARREN FOR PRESIDENT, INC.",ACADEMIA,9/23/19 0:00,100,
C00696948,BERNIE 2020,MEDICINE/SCIENCE,3/26/19 0:00,100,
C00696948,BERNIE 2020,MEDICINE/SCIENCE,3/28/19 0:00,100,
C00696948,BERNIE 2020,MEDICINE/SCIENCE,3/31/19 0:00,3,
C00696948,BERNIE 2020,MEDICINE/SCIENCE,3/29/19 0:00,3,
C00696948,BERNIE 2020,MEDICINE/SCIENCE,3/29/19 0:00,3,
C00696948,BERNIE 2020,MEDICINE/SCIENCE,7/22/19 0:00,100,
C00696948,BERNIE 2020,MEDICINE/SCIENCE,7/29/19 0:00,3,
C00696948,BERNIE 2020,MEDICINE/SCIENCE,8/29/19 0:00,3,
C00696948,BERNIE 2020,MEDICINE/SCIENCE,9/22/19 0:00,3,
C00696948,BERNIE 2020,MEDICINE/SCIENCE,8/22/19 0:00,3,
C00696948,BERNIE 2020,MEDICINE/SCIENCE,9/29/19 0:00,3,
C00696948,BERNIE 2020,MEDICINE/SCIENCE,7/22/19 0:00,3,
C00696948,BERNIE 2020,MEDICINE/SCIENCE,8/31/19 0:00,100,
C00694455,KAMALA HARRIS FOR THE PEOPLE,ACADEMIA,6/11/19 0:00,250,
C00694455,KAMALA HARRIS FOR THE PEOPLE,ACADEMIA,6/18/19 0:00,250,
C00697441,"PETE FOR AMERICA, INC.",ACADEMIA,6/28/19 0:00,150,
C00696948,BERNIE 2020,ACADEMIA,9/12/19 0:00,27,
C00696948,BERNIE 2020,ACADEMIA,9/8/19 0:00,250,
C00696948,BERNIE 2020,ACADEMIA,8/19/19 0:00,6,
C00696948,BERNIE 2020,ACADEMIA,9/19/19 0:00,6,
C00696948,BERNIE 2020,ACADEMIA,7/30/19 0:00,27,
C00696948,BERNIE 2020,ACADEMIA,8/26/19 0:00,27,
C00696948,BERNIE 2020,ACADEMIA,9/26/19 0:00,50,
C00696948,BERNIE 2020,ACADEMIA,7/29/19 0:00,250,
C00696948,BERNIE 2020,ACADEMIA,7/29/19 0:00,250,
C00696948,BERNIE 2020,ACADEMIA,7/31/19 0:00,250,
C00696948,BERNIE 2020,ACADEMIA,7/15/19 0:00,250,
C00696948,BERNIE 2020,ACADEMIA,7/17/19 0:00,250,
C00696948,BERNIE 2020,ACADEMIA,7/18/19 0:00,250,
C00696948,BERNIE 2020,ACADEMIA,8/28/19 0:00,250,
C00696948,BERNIE 2020,ACADEMIA,9/22/19 0:00,300,
C00696948,BERNIE 2020,ACADEMIA,7/25/19 0:00,250,
C00696948,BERNIE 2020,ACADEMIA,8/16/19 0:00,250,
C00696948,BERNIE 2020,ACADEMIA,7/30/19 0:00,3,
C00693234,"WARREN FOR PRESIDENT, INC.",ACADEMIA,8/26/19 0:00,100,
C00693234,"WARREN FOR PRESIDENT, INC.",ACADEMIA,9/16/19 0:00,50,
C00693234,"WARREN FOR PRESIDENT, INC.",ACADEMIA,9/12/19 0:00,100,
C00697441,"PETE FOR AMERICA, INC.",GRAD STUDENTS,4/4/19 0:00,250,
C00580100,"DONALD J. TRUMP FOR PRESIDENT, INC.",MEDICINE/SCIENCE,1/10/19 0:00,25,
C00580100,"DONALD J. TRUMP FOR PRESIDENT, INC.",MEDICINE/SCIENCE,1/20/19 0:00,35,
C00580100,"DONALD J. TRUMP FOR PRESIDENT, INC.",MEDICINE/SCIENCE,2/20/19 0:00,35,
C00580100,"DONALD J. TRUMP FOR PRESIDENT, INC.",MEDICINE/SCIENCE,3/20/19 0:00,35,
C00580100,"DONALD J. TRUMP FOR PRESIDENT, INC.",MEDICINE/SCIENCE,4/20/19 0:00,50,
C00580100,"DONALD J. TRUMP FOR PRESIDENT, INC.",MEDICINE/SCIENCE,4/20/19 0:00,35,
C00580100,"DONALD J. TRUMP FOR PRESIDENT, INC.",MEDICINE/SCIENCE,5/20/19 0:00,35,
C00580100,"DONALD J. TRUMP FOR PRESIDENT, INC.",MEDICINE/SCIENCE,6/20/19 0:00,35,
C00580100,"DONALD J. TRUMP FOR PRESIDENT, INC.",MEDICINE/SCIENCE,6/5/19 0:00,37.5,
C00706697,DE BLASIO 2020,MEDICINE/SCIENCE,6/19/19 0:00,2800,
C00696948,BERNIE 2020,MEDICINE/SCIENCE,4/9/19 0:00,27,
C00696948,BERNIE 2020,MEDICINE/SCIENCE,4/17/19 0:00,100,
C00696948,BERNIE 2020,MEDICINE/SCIENCE,4/25/19 0:00,27,
C00696948,BERNIE 2020,MEDICINE/SCIENCE,4/26/19 0:00,3,
C00696948,BERNIE 2020,MEDICINE/SCIENCE,4/26/19 0:00,100,
C00696948,BERNIE 2020,MEDICINE/SCIENCE,4/29/19 0:00,3,
C00696948,BERNIE 2020,MEDICINE/SCIENCE,5/14/19 0:00,27,
C00696948,BERNIE 2020,MEDICINE/SCIENCE,5/22/19 0:00,3,
C00696948,BERNIE 2020,MEDICINE/SCIENCE,5/29/19 0:00,3,
C00696948,BERNIE 2020,MEDICINE/SCIENCE,6/23/19 0:00,27,
C00696948,BERNIE 2020,MEDICINE/SCIENCE,6/22/19 0:00,3,
C00696948,BERNIE 2020,MEDICINE/SCIENCE,6/26/19 0:00,100,
C00696948,BERNIE 2020,MEDICINE/SCIENCE,6/29/19 0:00,3,
C00696948,BERNIE 2020,MEDICINE/SCIENCE,6/29/19 0:00,2.7,
C00696948,BERNIE 2020,MEDICINE/SCIENCE,6/30/19 0:00,1,
C00696948,BERNIE 2020,MEDICINE/SCIENCE,6/25/19 0:00,33,
C00696948,BERNIE 2020,MEDICINE/SCIENCE,9/30/19 0:00,71.3,
C00696948,BERNIE 2020,MEDICINE/SCIENCE,7/23/19 0:00,57.86,
C00696948,BERNIE 2020,MEDICINE/SCIENCE,8/2/19 0:00,2.7,
C00696948,BERNIE 2020,MEDICINE/SCIENCE,8/29/19 0:00,50,
C00696948,BERNIE 2020,MEDICINE/SCIENCE,7/31/19 0:00,2.7,
C00696948,BERNIE 2020,MEDICINE/SCIENCE,8/18/19 0:00,27,
C00696948,BERNIE 2020,MEDICINE/SCIENCE,9/18/19 0:00,14,
C00696948,BERNIE 2020,MEDICINE/SCIENCE,9/30/19 0:00,2.7,
C00693234,"WARREN FOR PRESIDENT, INC.",MEDICINE/SCIENCE,8/7/19 0:00,25,
C00693234,"WARREN FOR PRESIDENT, INC.",MEDICINE/SCIENCE,8/19/19 0:00,15,
C00693234,"WARREN FOR PRESIDENT, INC.",MEDICINE/SCIENCE,9/24/19 0:00,28,
C00693234,"WARREN FOR PRESIDENT, INC.",MEDICINE/SCIENCE,7/7/19 0:00,25,
C00693234,"WARREN FOR PRESIDENT, INC.",MEDICINE/SCIENCE,8/27/19 0:00,25,
C00693234,"WARREN FOR PRESIDENT, INC.",MEDICINE/SCIENCE,9/7/19 0:00,25,
C00694455,KAMALA HARRIS FOR THE PEOPLE,ACADEMIA,4/5/19 0:00,1000,
C00694455,KAMALA HARRIS FOR THE PEOPLE,ACADEMIA,6/17/19 0:00,1000,
C00695510,CORY 2020,ACADEMIA,6/28/19 0:00,1300,
C00695510,CORY 2020,ACADEMIA,3/27/19 0:00,1000,
C00697441,"PETE FOR AMERICA, INC.",ACADEMIA,9/15/19 0:00,100,
C00697441,"PETE FOR AMERICA, INC.",ACADEMIA,9/21/19 0:00,100,
C00697441,"PETE FOR AMERICA, INC.",ACADEMIA,9/22/19 0:00,100,
C00697441,"PETE FOR AMERICA, INC.",ACADEMIA,8/14/19 0:00,25,
C00697441,"PETE FOR AMERICA, INC.",ACADEMIA,9/24/19 0:00,25,
C00697441,"PETE FOR AMERICA, INC.",ACADEMIA,9/27/19 0:00,100,
C00697441,"PETE FOR AMERICA, INC.",ACADEMIA,7/31/19 0:00,25,
C00697441,"PETE FOR AMERICA, INC.",ACADEMIA,8/23/19 0:00,25,
C00697441,"PETE FOR AMERICA, INC.",ACADEMIA,9/7/19 0:00,100,
C00697441,"PETE FOR AMERICA, INC.",ACADEMIA,8/9/19 0:00,25,
C00697441,"PETE FOR AMERICA, INC.",ACADEMIA,8/13/19 0:00,25,
C00697441,"PETE FOR AMERICA, INC.",ACADEMIA,9/15/19 0:00,100,
C00697441,"PETE FOR AMERICA, INC.",ACADEMIA,9/30/19 0:00,25,
C00696948,BERNIE 2020,FACULTY,9/18/19 0:00,27,
C00696948,BERNIE 2020,FACULTY,8/31/19 0:00,27,
C00696948,BERNIE 2020,FACULTY,8/18/19 0:00,27,
C00696948,BERNIE 2020,FACULTY,9/30/19 0:00,27,
C00695510,CORY 2020,STUDENT,6/17/19 0:00,250,
C00703975,BIDEN FOR PRESIDENT,STUDENT,9/29/19 0:00,130,
C00703975,BIDEN FOR PRESIDENT,STUDENT,7/28/19 0:00,100,
C00703975,BIDEN FOR PRESIDENT,STUDENT,8/1/19 0:00,50,
C00659938,FRIENDS OF ANDREW YANG,STUDENT,9/30/19 0:00,82.95,
C00696948,BERNIE 2020,TEACHING POSITIONS,3/27/19 0:00,24,
C00696948,BERNIE 2020,TEACHING POSITIONS,3/30/19 0:00,3,
C00697441,"PETE FOR AMERICA, INC.",TEACHING POSITIONS,6/17/19 0:00,200,
C00697441,"PETE FOR AMERICA, INC.",TEACHING POSITIONS,3/23/19 0:00,250,
C00696948,BERNIE 2020,TEACHING POSITIONS,9/19/19 0:00,27,
C00696948,BERNIE 2020,TEACHING POSITIONS,8/13/19 0:00,27,
C00697441,"PETE FOR AMERICA, INC.",TEACHING POSITIONS,8/16/19 0:00,100,
C00693234,"WARREN FOR PRESIDENT, INC.",TEACHING POSITIONS,9/22/19 0:00,250,
C00693234,"WARREN FOR PRESIDENT, INC.",OTHER,7/10/19 0:00,50,
C00693234,"WARREN FOR PRESIDENT, INC.",OTHER,9/30/19 0:00,25,
C00693234,"WARREN FOR PRESIDENT, INC.",OTHER,7/25/19 0:00,50,
C00693234,"WARREN FOR PRESIDENT, INC.",OTHER,9/6/19 0:00,25,
C00693234,"WARREN FOR PRESIDENT, INC.",OTHER,7/19/19 0:00,50,
C00693234,"WARREN FOR PRESIDENT, INC.",OTHER,8/28/19 0:00,50,
C00693234,"WARREN FOR PRESIDENT, INC.",OTHER,9/26/19 0:00,25,
C00694455,KAMALA HARRIS FOR THE PEOPLE,LAW/POLITICS,7/1/19 0:00,13.58,
C00694455,KAMALA HARRIS FOR THE PEOPLE,LAW/POLITICS,7/11/19 0:00,37.1,
C00694455,KAMALA HARRIS FOR THE PEOPLE,LAW/POLITICS,5/25/19 0:00,25,
C00694455,KAMALA HARRIS FOR THE PEOPLE,LAW/POLITICS,6/27/19 0:00,250,
C00695510,CORY 2020,LAW/POLITICS,6/26/19 0:00,25,
C00695510,CORY 2020,LAW/POLITICS,4/26/19 0:00,50,
C00695510,CORY 2020,LAW/POLITICS,5/29/19 0:00,35.6,
C00695510,CORY 2020,LAW/POLITICS,6/16/19 0:00,30,
C00695510,CORY 2020,LAW/POLITICS,4/12/19 0:00,55,
C00695510,CORY 2020,LAW/POLITICS,8/2/19 0:00,25,
C00695510,CORY 2020,LAW/POLITICS,7/31/19 0:00,25,
C00695510,CORY 2020,LAW/POLITICS,8/2/19 0:00,6.85,
C00693234,"WARREN FOR PRESIDENT, INC.",LAW/POLITICS,9/13/19 0:00,15,
C00693234,"WARREN FOR PRESIDENT, INC.",LAW/POLITICS,7/1/19 0:00,28.18,
C00693234,"WARREN FOR PRESIDENT, INC.",LAW/POLITICS,9/23/19 0:00,29.04,
C00693234,"WARREN FOR PRESIDENT, INC.",LAW/POLITICS,8/11/19 0:00,34.58,
C00693234,"WARREN FOR PRESIDENT, INC.",OTHER,9/19/19 0:00,25,
C00693234,"WARREN FOR PRESIDENT, INC.",OTHER,7/19/19 0:00,25,
C00693234,"WARREN FOR PRESIDENT, INC.",OTHER,8/19/19 0:00,25,
C00694018,GILLIBRAND 2020,FACULTY,5/21/19 0:00,500,